{"100": {"recall": 0.3882918743957575, "f1score": 0.1334698239721726, "precision": 0.08058486393368793}, "70": {"recall": 0.3268161970142066, "f1score": 0.1454357291991244, "precision": 0.09352826418648803}, "40": {"recall": 0.23874168994276976, "f1score": 0.1593452030739443, "precision": 0.11957805079355933}, "10": {"recall": 0.10199014813777187, "f1score": 0.13370574654709236, "precision": 0.1940484706042646}, "80": {"recall": 0.3470951126434287, "f1score": 0.1412273334061522, "precision": 0.08864847518107012}, "50": {"recall": 0.27748349370929004, "f1score": 0.15606697685156148, "precision": 0.10856357192836523}, "20": {"recall": 0.15922004415900184, "f1score": 0.1568826796997353, "precision": 0.15461294782584092}, "90": {"recall": 0.3700762135487193, "f1score": 0.1378029307883221, "precision": 0.08466444672826172}, "60": {"recall": 0.304133877150353, "f1score": 0.1512709042030789, "precision": 0.10067160547275923}, "30": {"recall": 0.1995579282037693, "f1score": 0.15995203968667948, "precision": 0.13346374083457627}}