{"100": {"recall": 0.3478810742335035, "f1score": 0.08705031373509638, "precision": 0.04974957759424238}, "70": {"recall": 0.29228442522149223, "f1score": 0.09701596539018427, "precision": 0.05816036895834862}, "40": {"recall": 0.23486978446010642, "f1score": 0.1128272263804165, "precision": 0.07424709986947368}, "10": {"recall": 0.10337312567432694, "f1score": 0.11870164334609751, "precision": 0.1393675339551628}, "80": {"recall": 0.30137598406905475, "f1score": 0.09128567623039192, "precision": 0.05378909801216632}, "50": {"recall": 0.2502875062879815, "f1score": 0.10512898850558114, "precision": 0.06653872025517357}, "20": {"recall": 0.16750774530226947, "f1score": 0.13387530073933754, "precision": 0.11149014920160112}, "90": {"recall": 0.3248695356780905, "f1score": 0.09011661751772468, "precision": 0.05231409763682267}, "60": {"recall": 0.2777535673316767, "f1score": 0.1009129088945937, "precision": 0.06165700936453926}, "30": {"recall": 0.20936397850604724, "f1score": 0.12328638230848207, "precision": 0.08736660546714099}}