{"100": {"recall": 0.37912117054270816, "f1score": 0.12546905938436212, "precision": 0.0751738071696346}, "70": {"recall": 0.3213964443582791, "f1score": 0.13748079575033362, "precision": 0.08744267065197162}, "40": {"recall": 0.23662272635713374, "f1score": 0.15172360798554313, "precision": 0.11166038750670564}, "10": {"recall": 0.09891531019696456, "f1score": 0.12869613794980547, "precision": 0.18413413909253024}, "80": {"recall": 0.3426746193825768, "f1score": 0.13276892144144203, "precision": 0.08233470899060036}, "50": {"recall": 0.26759906008636725, "f1score": 0.1471488821061693, "precision": 0.10147398495243516}, "20": {"recall": 0.1524720092515474, "f1score": 0.145383666758359, "precision": 0.13892511228896642}, "90": {"recall": 0.35948124959720207, "f1score": 0.12840947985140028, "precision": 0.0781653784929632}, "60": {"recall": 0.29520864611059466, "f1score": 0.14274760596495506, "precision": 0.0941326357048063}, "30": {"recall": 0.20317582812498178, "f1score": 0.15471778103759995, "precision": 0.12492321735873131}}