{"100": {"recall": 0.4033506432833152, "f1score": 0.10447622234308243, "precision": 0.060010036150572155}, "70": {"recall": 0.34145388915230496, "f1score": 0.1162131712471146, "precision": 0.07002261676547793}, "40": {"recall": 0.24911564706745373, "f1score": 0.12918585121334256, "precision": 0.0872039406914218}, "10": {"recall": 0.09410064278323164, "f1score": 0.11255136441647683, "precision": 0.14000220458553791}, "80": {"recall": 0.36466152379673256, "f1score": 0.11173271350448148, "precision": 0.06597354154609779}, "50": {"recall": 0.28502364343297054, "f1score": 0.12326265436843498, "precision": 0.0786346894943984}, "20": {"recall": 0.16855928868299103, "f1score": 0.13712375329974877, "precision": 0.115570402512482}, "90": {"recall": 0.3805781176485598, "f1score": 0.10730642017847283, "precision": 0.06245849499203136}, "60": {"recall": 0.31056276069432337, "f1score": 0.11867553889067255, "precision": 0.07335297894039114}, "30": {"recall": 0.20718276350575213, "f1score": 0.13386288253179277, "precision": 0.09887280023767721}}