{"100": {"recall": 0.18516008052906865, "f1score": 0.04419623664224727, "precision": 0.02509285005820184}, "70": {"recall": 0.16786779281424571, "f1score": 0.045735468455565455, "precision": 0.026474169106570602}, "40": {"recall": 0.0753330594344419, "f1score": 0.03637695137412435, "precision": 0.023977662100271826}, "10": {"recall": 0.052721088435374146, "f1score": 0.046546546546546545, "precision": 0.041666666666666664}, "80": {"recall": 0.17226081762980575, "f1score": 0.04575744699267665, "precision": 0.026382731067381163}, "50": {"recall": 0.07927563379955149, "f1score": 0.04408503055570383, "precision": 0.03053187410232554}, "20": {"recall": 0.05789834361262931, "f1score": 0.03774190511687054, "precision": 0.027995642701525054}, "90": {"recall": 0.17805232342131155, "f1score": 0.044789327966408755, "precision": 0.025616612564026038}, "60": {"recall": 0.09218643192161723, "f1score": 0.042357133388370966, "precision": 0.02749521465682253}, "30": {"recall": 0.05789834361262931, "f1score": 0.02703579058932912, "precision": 0.017635327635327637}}